{
  "queueFactor":0.6,
  "queue": [
    {
      "name": "test",
      "settings": {
        "env": [
          "dev", "production"
        ],
        "subscription": [
          "guest",
          "free",
          "trialExpired"
        ],
        "active": true,
        "startDate": "2020-02-20",
        "endDate": "2021-12-31",
        "server": [ 
          "DE", "SG", "RO"
        ],
        "showServerBusy": {
          "period": {
            "minMin": 3,
            "maxMin": 7
          },
          "timesPerDay": 3
        },
        "triggerCount": {
          "min": 3,
          "max": 5 
        },
        "loader": {
          "minSec": 3,
          "maxSec": 6
        },
        "counter": {
          "minSec": 15,
          "maxSec": 30 
        }
      }
    }, 
    {
      "name": "test2",
      "settings": {
        "env": [
          "dev", "production"
        ],
        "subscription": [
          "guest",
          "free",
          "trialExpired"
        ],
        "active": true,
        "startDate": "2020-02-20",
        "endDate": "2021-12-31",
        "server": [
          "US"
        ],
        "showServerBusy": {
          "period": {
            "minMin": 3,
            "maxMin": 6
          },
          "timesPerDay": 3
        },
        "triggerCount": {
          "min": 1,
          "max": 3
        },
        "loader": {
          "minSec": 3,
          "maxSec": 6
        },
        "counter": {
          "minSec": 30,
          "maxSec": 45
        }
      }
    }
  ]
}